[{"model": "admin.logentry", "pk": 1, "fields": {"action_time": "2024-11-16T04:03:42.032Z", "user": 1, "content_type": 6, "object_id": "2", "object_repr": "user1@mail.ru", "action_flag": 2, "change_message": "[{\"changed\": {\"fields\": [\"Superuser status\"]}}]"}}, {"model": "admin.logentry", "pk": 2, "fields": {"action_time": "2024-11-16T04:12:20.453Z", "user": 1, "content_type": 8, "object_id": "12", "object_repr": "Фотоаппарат", "action_flag": 2, "change_message": "[{\"changed\": {\"fields\": [\"\\u041d\\u0430\\u0437\\u0432\\u0430\\u043d\\u0438\\u0435 \\u0442\\u043e\\u0432\\u0430\\u0440\\u0430\"]}}]"}}, {"model": "admin.logentry", "pk": 3, "fields": {"action_time": "2024-11-16T04:12:29.765Z", "user": 1, "content_type": 8, "object_id": "11", "object_repr": "Телефон", "action_flag": 2, "change_message": "[{\"changed\": {\"fields\": [\"\\u041d\\u0430\\u0437\\u0432\\u0430\\u043d\\u0438\\u0435 \\u0442\\u043e\\u0432\\u0430\\u0440\\u0430\"]}}]"}}, {"model": "admin.logentry", "pk": 4, "fields": {"action_time": "2024-11-16T04:12:36.836Z", "user": 1, "content_type": 8, "object_id": "10", "object_repr": "Телевизор", "action_flag": 2, "change_message": "[{\"changed\": {\"fields\": [\"\\u041d\\u0430\\u0437\\u0432\\u0430\\u043d\\u0438\\u0435 \\u0442\\u043e\\u0432\\u0430\\u0440\\u0430\"]}}]"}}, {"model": "admin.logentry", "pk": 5, "fields": {"action_time": "2024-11-16T04:12:46.404Z", "user": 1, "content_type": 8, "object_id": "9", "object_repr": "Кот", "action_flag": 2, "change_message": "[{\"changed\": {\"fields\": [\"\\u041d\\u0430\\u0437\\u0432\\u0430\\u043d\\u0438\\u0435 \\u0442\\u043e\\u0432\\u0430\\u0440\\u0430\"]}}]"}}, {"model": "admin.logentry", "pk": 6, "fields": {"action_time": "2024-11-16T04:12:56.952Z", "user": 1, "content_type": 8, "object_id": "8", "object_repr": "Собака", "action_flag": 2, "change_message": "[{\"changed\": {\"fields\": [\"\\u041d\\u0430\\u0437\\u0432\\u0430\\u043d\\u0438\\u0435 \\u0442\\u043e\\u0432\\u0430\\u0440\\u0430\"]}}]"}}, {"model": "admin.logentry", "pk": 7, "fields": {"action_time": "2024-11-16T04:13:11.390Z", "user": 1, "content_type": 8, "object_id": "7", "object_repr": "Кот", "action_flag": 2, "change_message": "[{\"changed\": {\"fields\": [\"\\u041d\\u0430\\u0437\\u0432\\u0430\\u043d\\u0438\\u0435 \\u0442\\u043e\\u0432\\u0430\\u0440\\u0430\"]}}]"}}, {"model": "admin.logentry", "pk": 8, "fields": {"action_time": "2024-11-16T04:13:21.069Z", "user": 1, "content_type": 8, "object_id": "6", "object_repr": "Трактор", "action_flag": 2, "change_message": "[{\"changed\": {\"fields\": [\"\\u041d\\u0430\\u0437\\u0432\\u0430\\u043d\\u0438\\u0435 \\u0442\\u043e\\u0432\\u0430\\u0440\\u0430\"]}}]"}}, {"model": "admin.logentry", "pk": 9, "fields": {"action_time": "2024-11-16T04:13:35.210Z", "user": 1, "content_type": 8, "object_id": "4", "object_repr": "Колесо велосипеда", "action_flag": 2, "change_message": "[]"}}, {"model": "admin.logentry", "pk": 10, "fields": {"action_time": "2024-11-16T04:13:43.183Z", "user": 1, "content_type": 8, "object_id": "3", "object_repr": "Бананы", "action_flag": 2, "change_message": "[{\"changed\": {\"fields\": [\"\\u041d\\u0430\\u0437\\u0432\\u0430\\u043d\\u0438\\u0435 \\u0442\\u043e\\u0432\\u0430\\u0440\\u0430\"]}}]"}}, {"model": "admin.logentry", "pk": 11, "fields": {"action_time": "2024-11-16T04:13:49.294Z", "user": 1, "content_type": 8, "object_id": "2", "object_repr": "Огурцы", "action_flag": 2, "change_message": "[{\"changed\": {\"fields\": [\"\\u041d\\u0430\\u0437\\u0432\\u0430\\u043d\\u0438\\u0435 \\u0442\\u043e\\u0432\\u0430\\u0440\\u0430\"]}}]"}}, {"model": "admin.logentry", "pk": 12, "fields": {"action_time": "2024-11-16T04:14:06.902Z", "user": 1, "content_type": 8, "object_id": "12", "object_repr": "Фотоаппарат", "action_flag": 2, "change_message": "[{\"changed\": {\"fields\": [\"\\u041e\\u043f\\u0438\\u0441\\u0430\\u043d\\u0438\\u0435 \\u0442\\u043e\\u0432\\u0430\\u0440\\u0430\"]}}]"}}, {"model": "admin.logentry", "pk": 13, "fields": {"action_time": "2024-11-16T04:14:20.887Z", "user": 1, "content_type": 8, "object_id": "11", "object_repr": "Телефон", "action_flag": 2, "change_message": "[{\"changed\": {\"fields\": [\"\\u041e\\u043f\\u0438\\u0441\\u0430\\u043d\\u0438\\u0435 \\u0442\\u043e\\u0432\\u0430\\u0440\\u0430\"]}}]"}}, {"model": "admin.logentry", "pk": 14, "fields": {"action_time": "2024-11-16T04:14:45.883Z", "user": 1, "content_type": 8, "object_id": "10", "object_repr": "Телевизор", "action_flag": 2, "change_message": "[{\"changed\": {\"fields\": [\"\\u041e\\u043f\\u0438\\u0441\\u0430\\u043d\\u0438\\u0435 \\u0442\\u043e\\u0432\\u0430\\u0440\\u0430\"]}}]"}}, {"model": "admin.logentry", "pk": 15, "fields": {"action_time": "2024-11-16T04:15:11.390Z", "user": 1, "content_type": 8, "object_id": "9", "object_repr": "Кот", "action_flag": 2, "change_message": "[{\"changed\": {\"fields\": [\"\\u041e\\u043f\\u0438\\u0441\\u0430\\u043d\\u0438\\u0435 \\u0442\\u043e\\u0432\\u0430\\u0440\\u0430\"]}}]"}}, {"model": "admin.logentry", "pk": 16, "fields": {"action_time": "2024-11-16T04:15:19.149Z", "user": 1, "content_type": 8, "object_id": "8", "object_repr": "Собака", "action_flag": 2, "change_message": "[{\"changed\": {\"fields\": [\"\\u041e\\u043f\\u0438\\u0441\\u0430\\u043d\\u0438\\u0435 \\u0442\\u043e\\u0432\\u0430\\u0440\\u0430\"]}}]"}}, {"model": "admin.logentry", "pk": 17, "fields": {"action_time": "2024-11-16T04:15:31.789Z", "user": 1, "content_type": 8, "object_id": "7", "object_repr": "Кот", "action_flag": 2, "change_message": "[{\"changed\": {\"fields\": [\"\\u041e\\u043f\\u0438\\u0441\\u0430\\u043d\\u0438\\u0435 \\u0442\\u043e\\u0432\\u0430\\u0440\\u0430\"]}}]"}}, {"model": "admin.logentry", "pk": 18, "fields": {"action_time": "2024-11-16T04:15:51.871Z", "user": 1, "content_type": 8, "object_id": "6", "object_repr": "Трактор", "action_flag": 2, "change_message": "[{\"changed\": {\"fields\": [\"\\u041e\\u043f\\u0438\\u0441\\u0430\\u043d\\u0438\\u0435 \\u0442\\u043e\\u0432\\u0430\\u0440\\u0430\"]}}]"}}, {"model": "admin.logentry", "pk": 19, "fields": {"action_time": "2024-11-16T04:16:02.057Z", "user": 1, "content_type": 8, "object_id": "5", "object_repr": "Велосипед", "action_flag": 2, "change_message": "[{\"changed\": {\"fields\": [\"\\u041e\\u043f\\u0438\\u0441\\u0430\\u043d\\u0438\\u0435 \\u0442\\u043e\\u0432\\u0430\\u0440\\u0430\"]}}]"}}, {"model": "admin.logentry", "pk": 20, "fields": {"action_time": "2024-11-16T04:16:13.247Z", "user": 1, "content_type": 8, "object_id": "4", "object_repr": "Колесо велосипеда", "action_flag": 2, "change_message": "[{\"changed\": {\"fields\": [\"\\u041e\\u043f\\u0438\\u0441\\u0430\\u043d\\u0438\\u0435 \\u0442\\u043e\\u0432\\u0430\\u0440\\u0430\"]}}]"}}, {"model": "admin.logentry", "pk": 21, "fields": {"action_time": "2024-11-16T04:16:36.248Z", "user": 1, "content_type": 8, "object_id": "3", "object_repr": "Бананы", "action_flag": 2, "change_message": "[{\"changed\": {\"fields\": [\"\\u041e\\u043f\\u0438\\u0441\\u0430\\u043d\\u0438\\u0435 \\u0442\\u043e\\u0432\\u0430\\u0440\\u0430\"]}}]"}}, {"model": "admin.logentry", "pk": 22, "fields": {"action_time": "2024-11-16T04:16:48.868Z", "user": 1, "content_type": 8, "object_id": "2", "object_repr": "Огурцы", "action_flag": 2, "change_message": "[{\"changed\": {\"fields\": [\"\\u041e\\u043f\\u0438\\u0441\\u0430\\u043d\\u0438\\u0435 \\u0442\\u043e\\u0432\\u0430\\u0440\\u0430\"]}}]"}}, {"model": "admin.logentry", "pk": 23, "fields": {"action_time": "2024-11-16T04:16:56.421Z", "user": 1, "content_type": 8, "object_id": "1", "object_repr": "Томат", "action_flag": 2, "change_message": "[{\"changed\": {\"fields\": [\"\\u041e\\u043f\\u0438\\u0441\\u0430\\u043d\\u0438\\u0435 \\u0442\\u043e\\u0432\\u0430\\u0440\\u0430\"]}}]"}}, {"model": "auth.permission", "pk": 1, "fields": {"name": "Can add log entry", "content_type": 1, "codename": "add_logentry"}}, {"model": "auth.permission", "pk": 2, "fields": {"name": "Can change log entry", "content_type": 1, "codename": "change_logentry"}}, {"model": "auth.permission", "pk": 3, "fields": {"name": "Can delete log entry", "content_type": 1, "codename": "delete_logentry"}}, {"model": "auth.permission", "pk": 4, "fields": {"name": "Can view log entry", "content_type": 1, "codename": "view_logentry"}}, {"model": "auth.permission", "pk": 5, "fields": {"name": "Can add permission", "content_type": 2, "codename": "add_permission"}}, {"model": "auth.permission", "pk": 6, "fields": {"name": "Can change permission", "content_type": 2, "codename": "change_permission"}}, {"model": "auth.permission", "pk": 7, "fields": {"name": "Can delete permission", "content_type": 2, "codename": "delete_permission"}}, {"model": "auth.permission", "pk": 8, "fields": {"name": "Can view permission", "content_type": 2, "codename": "view_permission"}}, {"model": "auth.permission", "pk": 9, "fields": {"name": "Can add group", "content_type": 3, "codename": "add_group"}}, {"model": "auth.permission", "pk": 10, "fields": {"name": "Can change group", "content_type": 3, "codename": "change_group"}}, {"model": "auth.permission", "pk": 11, "fields": {"name": "Can delete group", "content_type": 3, "codename": "delete_group"}}, {"model": "auth.permission", "pk": 12, "fields": {"name": "Can view group", "content_type": 3, "codename": "view_group"}}, {"model": "auth.permission", "pk": 13, "fields": {"name": "Can add content type", "content_type": 4, "codename": "add_contenttype"}}, {"model": "auth.permission", "pk": 14, "fields": {"name": "Can change content type", "content_type": 4, "codename": "change_contenttype"}}, {"model": "auth.permission", "pk": 15, "fields": {"name": "Can delete content type", "content_type": 4, "codename": "delete_contenttype"}}, {"model": "auth.permission", "pk": 16, "fields": {"name": "Can view content type", "content_type": 4, "codename": "view_contenttype"}}, {"model": "auth.permission", "pk": 17, "fields": {"name": "Can add session", "content_type": 5, "codename": "add_session"}}, {"model": "auth.permission", "pk": 18, "fields": {"name": "Can change session", "content_type": 5, "codename": "change_session"}}, {"model": "auth.permission", "pk": 19, "fields": {"name": "Can delete session", "content_type": 5, "codename": "delete_session"}}, {"model": "auth.permission", "pk": 20, "fields": {"name": "Can view session", "content_type": 5, "codename": "view_session"}}, {"model": "auth.permission", "pk": 21, "fields": {"name": "Can add Пользователь", "content_type": 6, "codename": "add_user"}}, {"model": "auth.permission", "pk": 22, "fields": {"name": "Can change Пользователь", "content_type": 6, "codename": "change_user"}}, {"model": "auth.permission", "pk": 23, "fields": {"name": "Can delete Пользователь", "content_type": 6, "codename": "delete_user"}}, {"model": "auth.permission", "pk": 24, "fields": {"name": "Can view Пользователь", "content_type": 6, "codename": "view_user"}}, {"model": "auth.permission", "pk": 25, "fields": {"name": "Can add Отзыв", "content_type": 7, "codename": "add_review"}}, {"model": "auth.permission", "pk": 26, "fields": {"name": "Can change Отзыв", "content_type": 7, "codename": "change_review"}}, {"model": "auth.permission", "pk": 27, "fields": {"name": "Can delete Отзыв", "content_type": 7, "codename": "delete_review"}}, {"model": "auth.permission", "pk": 28, "fields": {"name": "Can view Отзыв", "content_type": 7, "codename": "view_review"}}, {"model": "auth.permission", "pk": 29, "fields": {"name": "Can add Объявление", "content_type": 8, "codename": "add_advertisement"}}, {"model": "auth.permission", "pk": 30, "fields": {"name": "Can change Объявление", "content_type": 8, "codename": "change_advertisement"}}, {"model": "auth.permission", "pk": 31, "fields": {"name": "Can delete Объявление", "content_type": 8, "codename": "delete_advertisement"}}, {"model": "auth.permission", "pk": 32, "fields": {"name": "Can view Объявление", "content_type": 8, "codename": "view_advertisement"}}, {"model": "contenttypes.contenttype", "pk": 1, "fields": {"app_label": "admin", "model": "logentry"}}, {"model": "contenttypes.contenttype", "pk": 2, "fields": {"app_label": "auth", "model": "permission"}}, {"model": "contenttypes.contenttype", "pk": 3, "fields": {"app_label": "auth", "model": "group"}}, {"model": "contenttypes.contenttype", "pk": 4, "fields": {"app_label": "contenttypes", "model": "contenttype"}}, {"model": "contenttypes.contenttype", "pk": 5, "fields": {"app_label": "sessions", "model": "session"}}, {"model": "contenttypes.contenttype", "pk": 6, "fields": {"app_label": "users", "model": "user"}}, {"model": "contenttypes.contenttype", "pk": 7, "fields": {"app_label": "advertisements", "model": "review"}}, {"model": "contenttypes.contenttype", "pk": 8, "fields": {"app_label": "advertisements", "model": "advertisement"}}, {"model": "sessions.session", "pk": "0dlx4fzbrz8923ecc6neafej24b330ao", "fields": {"session_data": ".eJxVjEEOwiAQRe_C2pCBMhRduu8ZyDCAVA0kpV0Z765NutDtf-_9l_C0rcVvPS1-juIilDj9boH4keoO4p3qrUludV3mIHdFHrTLqcX0vB7u30GhXr61RTBqyGApKo0hEZshAROAYR7B0EhWZRzwzBqt0WwdORcS5hxBZxbvD9OtN-Q:1tBw7S:8Mq7fs7MDRH9hIoE1hahEMpm7UHXUg_zm7o9Z1xpico", "expire_date": "2024-11-29T13:12:14.103Z"}}, {"model": "users.user", "pk": 1, "fields": {"password": "pbkdf2_sha256$600000$XkdULU0NS51sVQNGXjM5c5$NWtKtKIfdAi7jEnBaaQ6RgWFwUqa1lu2T1r3fCYU2mk=", "last_login": "2024-11-15T13:12:14.100Z", "is_superuser": true, "is_staff": true, "is_active": true, "date_joined": "2024-11-15T13:11:51.173Z", "first_name": null, "last_name": null, "phone": null, "email": "admin@example.com", "image": "", "user_role": null, "token": null, "uid": null, "groups": [], "user_permissions": []}}, {"model": "users.user", "pk": 2, "fields": {"password": "pbkdf2_sha256$600000$eTIXrfM3ztpz8rEqPoOJCN$Wzw8mg/gFdLNUcqAWxS3tDcW5eofypT+ndjHotLMc2Q=", "last_login": null, "is_superuser": true, "is_staff": false, "is_active": true, "date_joined": "2024-11-15T13:13:04Z", "first_name": null, "last_name": null, "phone": null, "email": "user1@mail.ru", "image": "", "user_role": "USER", "token": null, "uid": null, "groups": [], "user_permissions": []}}, {"model": "users.user", "pk": 3, "fields": {"password": "pbkdf2_sha256$600000$ty9uvhgV8RbigLha6W5q5n$39ogcoiCOASDRpQPpWEKGLgUYphZ1sjJhh9+swHniRg=", "last_login": null, "is_superuser": false, "is_staff": false, "is_active": true, "date_joined": "2024-11-15T13:13:29.103Z", "first_name": null, "last_name": null, "phone": null, "email": "user2@mail.ru", "image": "", "user_role": "USER", "token": null, "uid": null, "groups": [], "user_permissions": []}}, {"model": "users.user", "pk": 4, "fields": {"password": "pbkdf2_sha256$600000$owHo2ibMKlol9yMaRChaZN$ynnzth7Xuqp1nRrgSKA3dkM5CiAcYSJYDo1joazV3Q0=", "last_login": null, "is_superuser": false, "is_staff": false, "is_active": true, "date_joined": "2024-11-15T13:13:34.483Z", "first_name": null, "last_name": null, "phone": null, "email": "user3@mail.ru", "image": "", "user_role": "USER", "token": null, "uid": null, "groups": [], "user_permissions": []}}, {"model": "users.user", "pk": 5, "fields": {"password": "pbkdf2_sha256$600000$HDrykRaCTJD7D4lac0SbeH$vXHtogGlIbPsUu9HGmmBqOYYrKmlGqYnManoMnMr1sc=", "last_login": null, "is_superuser": false, "is_staff": false, "is_active": true, "date_joined": "2024-11-15T13:13:40.989Z", "first_name": null, "last_name": null, "phone": null, "email": "user4@mail.ru", "image": "", "user_role": "USER", "token": null, "uid": null, "groups": [], "user_permissions": []}}, {"model": "users.user", "pk": 6, "fields": {"password": "pbkdf2_sha256$600000$SnAKfKdHIGXget56lHwAoH$DrD0GmQ0TRgbtGgPDgMSZ9O9CL7PYMW2i6mvnKJ8PcA=", "last_login": null, "is_superuser": false, "is_staff": false, "is_active": true, "date_joined": "2024-11-16T04:20:00.860Z", "first_name": null, "last_name": null, "phone": null, "email": "kosyak1987@mail.ru", "image": "", "user_role": "USER", "token": null, "uid": null, "groups": [], "user_permissions": []}}, {"model": "advertisements.advertisement", "pk": 1, "fields": {"title": "Томат", "price": 100, "description": "Тепличные помидорчики", "author": 2, "created_at": "2024-11-15T13:18:33.669Z", "image": ""}}, {"model": "advertisements.advertisement", "pk": 2, "fields": {"title": "Огурцы", "price": 101, "description": "Свои огурцы, с огорода", "author": 2, "created_at": "2024-11-15T13:19:03.889Z", "image": ""}}, {"model": "advertisements.advertisement", "pk": 3, "fields": {"title": "Бананы", "price": 102, "description": "Настоящие Бразильские бананы", "author": 2, "created_at": "2024-11-15T13:19:16.385Z", "image": ""}}, {"model": "advertisements.advertisement", "pk": 4, "fields": {"title": "Колесо велосипеда", "price": 200, "description": "Колесо на детский велосипед", "author": 3, "created_at": "2024-11-15T13:28:00.202Z", "image": ""}}, {"model": "advertisements.advertisement", "pk": 5, "fields": {"title": "Велосипед", "price": 201, "description": "Отличный горный велосипед", "author": 3, "created_at": "2024-11-15T13:28:20.915Z", "image": ""}}, {"model": "advertisements.advertisement", "pk": 6, "fields": {"title": "Трактор", "price": 18000000, "description": "МТЗ-82, производства Беларусь, 1982г.в.", "author": 3, "created_at": "2024-11-15T13:29:00.638Z", "image": ""}}, {"model": "advertisements.advertisement", "pk": 7, "fields": {"title": "Кот", "price": 1, "description": "Кот домашний, лет 10 уже", "author": 4, "created_at": "2024-11-15T13:36:42.829Z", "image": ""}}, {"model": "advertisements.advertisement", "pk": 8, "fields": {"title": "Собака", "price": 5000, "description": "Собака бабака", "author": 4, "created_at": "2024-11-15T13:37:11.890Z", "image": ""}}, {"model": "advertisements.advertisement", "pk": 9, "fields": {"title": "Кот", "price": 500, "description": "Кот сиамский, породистый, 1.5 годика", "author": 4, "created_at": "2024-11-15T13:37:53.592Z", "image": ""}}, {"model": "advertisements.advertisement", "pk": 10, "fields": {"title": "Телевизор", "price": 100, "description": "Телевизор LG на 32 дюйма", "author": 5, "created_at": "2024-11-15T13:46:01.389Z", "image": ""}}, {"model": "advertisements.advertisement", "pk": 11, "fields": {"title": "Телефон", "price": 2005, "description": "Самсунг D600", "author": 5, "created_at": "2024-11-15T13:46:54.810Z", "image": ""}}, {"model": "advertisements.advertisement", "pk": 12, "fields": {"title": "Фотоаппарат", "price": 111000, "description": "Canon R8", "author": 5, "created_at": "2024-11-15T13:47:29.150Z", "image": ""}}, {"model": "advertisements.review", "pk": 1, "fields": {"text": "Вкусный томат", "author": 2, "created_at": "2024-11-15T13:24:45.460Z", "advertisement": 1}}, {"model": "advertisements.review", "pk": 2, "fields": {"text": "Самое то для засолки", "author": 2, "created_at": "2024-11-15T13:25:33.903Z", "advertisement": 2}}, {"model": "advertisements.review", "pk": 3, "fields": {"text": "Вкусный и не зеленый", "author": 2, "created_at": "2024-11-15T13:26:05.234Z", "advertisement": 3}}, {"model": "advertisements.review", "pk": 4, "fields": {"text": "Томат еще зеленый", "author": 3, "created_at": "2024-11-15T13:31:07.419Z", "advertisement": 1}}, {"model": "advertisements.review", "pk": 5, "fields": {"text": "Огурцы горькие", "author": 3, "created_at": "2024-11-15T13:31:29.501Z", "advertisement": 2}}, {"model": "advertisements.review", "pk": 6, "fields": {"text": "Бананы быстро почернели", "author": 3, "created_at": "2024-11-15T13:31:57.963Z", "advertisement": 3}}, {"model": "advertisements.review", "pk": 7, "fields": {"text": "Колесо восьмеркой, ржавое и не хватате спиц", "author": 3, "created_at": "2024-11-15T13:33:41.377Z", "advertisement": 4}}, {"model": "advertisements.review", "pk": 8, "fields": {"text": "Велосипед для подростка, отличный", "author": 3, "created_at": "2024-11-15T13:34:44.351Z", "advertisement": 5}}, {"model": "advertisements.review", "pk": 9, "fields": {"text": "Трактору уже больше 30 лет, дорого для такого состояния", "author": 3, "created_at": "2024-11-15T13:35:12.989Z", "advertisement": 6}}, {"model": "advertisements.review", "pk": 10, "fields": {"text": "Томат хорош для салатов, но не для засолки", "author": 4, "created_at": "2024-11-15T13:39:58.066Z", "advertisement": 1}}, {"model": "advertisements.review", "pk": 11, "fields": {"text": "Огурцы уже переспели", "author": 4, "created_at": "2024-11-15T13:40:15.813Z", "advertisement": 2}}, {"model": "advertisements.review", "pk": 12, "fields": {"text": "Бананы оказались из Бразилии, а рассказывали что они из Сибири", "author": 4, "created_at": "2024-11-15T13:40:49.184Z", "advertisement": 3}}, {"model": "advertisements.review", "pk": 13, "fields": {"text": "Колесо не достаточно круглое", "author": 4, "created_at": "2024-11-15T13:41:22.633Z", "advertisement": 4}}, {"model": "advertisements.review", "pk": 14, "fields": {"text": "Велосипед отличный, печально что так дорого", "author": 4, "created_at": "2024-11-15T13:41:57.906Z", "advertisement": 5}}, {"model": "advertisements.review", "pk": 15, "fields": {"text": "Отличный трактор, но дорого", "author": 4, "created_at": "2024-11-15T13:42:30.362Z", "advertisement": 6}}, {"model": "advertisements.review", "pk": 16, "fields": {"text": "Кот уже старенький", "author": 4, "created_at": "2024-11-15T13:43:06.002Z", "advertisement": 7}}, {"model": "advertisements.review", "pk": 17, "fields": {"text": "Пес красавчик, но без доков", "author": 4, "created_at": "2024-11-15T13:43:43.762Z", "advertisement": 8}}, {"model": "advertisements.review", "pk": 18, "fields": {"text": "Кот злопамятный, но красивый", "author": 4, "created_at": "2024-11-15T13:44:12.487Z", "advertisement": 9}}, {"model": "advertisements.review", "pk": 19, "fields": {"text": "Томат конечно вкусный", "author": 5, "created_at": "2024-11-15T13:48:38.480Z", "advertisement": 1}}, {"model": "advertisements.review", "pk": 20, "fields": {"text": "Норм огурчик", "author": 5, "created_at": "2024-11-15T13:48:50.388Z", "advertisement": 2}}, {"model": "advertisements.review", "pk": 21, "fields": {"text": "Банан как банан", "author": 5, "created_at": "2024-11-15T13:48:59.477Z", "advertisement": 3}}, {"model": "advertisements.review", "pk": 22, "fields": {"text": "Обычное колесо, каких сотни", "author": 5, "created_at": "2024-11-15T13:49:46.504Z", "advertisement": 4}}, {"model": "advertisements.review", "pk": 23, "fields": {"text": "Велосипед горный, отличный, но за капец как дорого", "author": 5, "created_at": "2024-11-15T13:50:28.580Z", "advertisement": 5}}, {"model": "advertisements.review", "pk": 24, "fields": {"text": "Я катался на тракторе, отличный", "author": 5, "created_at": "2024-11-15T13:50:59.736Z", "advertisement": 6}}, {"model": "advertisements.review", "pk": 25, "fields": {"text": "Кот бессмертный, красавчик", "author": 5, "created_at": "2024-11-15T13:52:10.864Z", "advertisement": 7}}, {"model": "advertisements.review", "pk": 26, "fields": {"text": "Собачка очень злая", "author": 5, "created_at": "2024-11-15T13:52:24.307Z", "advertisement": 8}}, {"model": "advertisements.review", "pk": 27, "fields": {"text": "Кот ласковый и нежный", "author": 5, "created_at": "2024-11-15T13:52:36.743Z", "advertisement": 9}}, {"model": "advertisements.review", "pk": 28, "fields": {"text": "Телевизор большой", "author": 5, "created_at": "2024-11-15T13:53:11.141Z", "advertisement": 10}}, {"model": "advertisements.review", "pk": 29, "fields": {"text": "Телефон не убиваемый", "author": 5, "created_at": "2024-11-15T13:53:30.430Z", "advertisement": 11}}, {"model": "advertisements.review", "pk": 30, "fields": {"text": "Фотик отличный, качество на ура", "author": 5, "created_at": "2024-11-15T13:53:57.739Z", "advertisement": 12}}, {"model": "advertisements.review", "pk": 31, "fields": {"text": "Фотик норм для начинающего фотографа", "author": 4, "created_at": "2024-11-15T13:55:14.290Z", "advertisement": 12}}, {"model": "advertisements.review", "pk": 32, "fields": {"text": "телефон дял ребенка норм", "author": 4, "created_at": "2024-11-15T13:55:35.041Z", "advertisement": 11}}, {"model": "advertisements.review", "pk": 33, "fields": {"text": "телевизор с битыми пикселями", "author": 4, "created_at": "2024-11-15T13:56:02.509Z", "advertisement": 10}}, {"model": "advertisements.review", "pk": 34, "fields": {"text": "отличный полнокадровый фотик", "author": 4, "created_at": "2024-11-15T13:57:02.028Z", "advertisement": 12}}, {"model": "advertisements.review", "pk": 35, "fields": {"text": "отличный полнокадровый фотик, вот", "author": 3, "created_at": "2024-11-15T13:57:34.350Z", "advertisement": 12}}, {"model": "advertisements.review", "pk": 36, "fields": {"text": "телефон для скуфов", "author": 3, "created_at": "2024-11-15T14:00:24.533Z", "advertisement": 11}}, {"model": "advertisements.review", "pk": 37, "fields": {"text": "старенький телевизор", "author": 3, "created_at": "2024-11-15T14:00:40.486Z", "advertisement": 10}}, {"model": "advertisements.review", "pk": 38, "fields": {"text": "страшный котик", "author": 3, "created_at": "2024-11-15T14:01:23.829Z", "advertisement": 9}}]